Clustering,Tool,Motif,Motif_raw,Motif_class,AMP_sequences_with_hit,nonAMP_sequences_with_hit,Enrichment_ratio,ER_corrected,ER_is_infinite,FDR_corrected,MinusLog10_FDR,OddsRatio_is_infinite,Total_hits,AMP_total_sequences,AMP_hit_frequency_pct
mmseq,meme,CINGKCKC,CINGKCKC,Cys-rich,1282,0,inf,,True,0.0,300.0,True,1643,7238,17.71
cdhit,meme,KCINGVCC,KCINGVCC,Cys-rich,1216,0,inf,,True,0.0,300.0,True,1443,4948,24.58
mmseq,meme,CKCTKDC,CKCTKDC,Cys-rich,1170,0,inf,,True,0.0,300.0,True,1315,7238,16.16
cdhit,streme,CDADCP,CDADCP,Cys-rich,944,0,inf,,True,0.0,300.0,True,1059,5568,16.95
mmseq,streme,CETDCDCPE,CETDCDCPE,Cys-rich,908,0,inf,,True,0.0,300.0,True,990,8407,10.8
cdhit,meme,LILLLLLFLVLILLS,LILLLLLFLVLILLS,Hydrophobic/signal-like,808,0,inf,,True,0.0,300.0,True,1960,4948,16.33
mmseq,meme,FVYVLIJFLSLF,FVYVLIJFLSLF,Hydrophobic/signal-like,763,0,inf,,True,0.0,300.0,True,1157,7238,10.54
cdhit,streme,KSCCPSTTC,KSCCPSTTC,Cys-rich,598,0,inf,,True,0.0,300.0,True,643,5568,10.74
cdhit,meme,KKCCRK,KKCCRK,Cys-rich,574,0,inf,,True,0.0,300.0,True,620,4948,11.6
mmseq,meme,PIVGKLLGGL,PIVGKLLGGL,Gly-rich,504,0,inf,,True,0.0,300.0,True,545,7238,6.96
cdhit,meme,CKJTKTC,CKJTKTC,Cys-rich,471,0,inf,,True,0.0,300.0,True,479,4948,9.52
mmseq,streme,MAKILKFVY,MAKILKFVY,Hydrophobic/signal-like,387,0,inf,,True,0.0,300.0,True,394,8407,4.6
cdhit,streme,LKKAVK,LKKAVK,Cationic-rich,370,0,inf,,True,0.0,300.0,True,438,5568,6.65
mmseq,streme,VVAATYVL,VVAATYVL,Hydrophobic/signal-like,335,0,inf,,True,0.0,300.0,True,349,8407,3.98
cdhit,streme,ILKFVYA,ILKFVYA,Hydrophobic/signal-like,328,0,inf,,True,0.0,300.0,True,330,5568,5.89
cdhit,meme,LGLLGKLL,LGLLGKLL,Hydrophobic/signal-like,308,0,inf,,True,1.5e-323,300.0,True,324,4948,6.22
cdhit,streme,GGGCPFN,GGGCPFN,Gly-rich,285,0,inf,,True,1.0401827007793384e-298,297.9828903732285,True,297,5568,5.12
mmseq,streme,QIGTCGG,QIGTCGG,Gly-rich,272,0,inf,,True,1.822316898860544e-284,283.73937609747327,True,283,8407,3.24
cdhit,streme,MAQISK,MAQISK,Other,247,0,inf,,True,1.0517041033001656e-258,257.97810643164604,True,248,5568,4.44
cdhit,streme,EKIGQNIRDG,EKIGQNIRDG,Other,223,0,inf,,True,1.749484076234806e-233,232.7570900061018,True,246,5568,4.01
mmseq,streme,GLSGLC,GLSGLC,Gly-rich,213,0,inf,,True,1.0420422358722278e-222,221.98211467793237,True,218,8407,2.53
cdhit,streme,VPSVIGAV,VPSVIGAV,Hydrophobic/signal-like,201,0,inf,,True,2.1779190129873722e-210,209.66195827373846,True,208,5568,3.61
cdhit,streme,EKLKEA,EKLKEA,Other,183,0,inf,,True,1.6358712445887764e-191,190.78625088157247,True,192,5568,3.29
cdhit,streme,WBTFKEL,WBTFKEL,Other,182,0,inf,,True,1.7265743616243826e-190,189.7628147123347,True,187,5568,3.27
mmseq,streme,VLNENI,VLNENI,Other,174,0,inf,,True,6.61582757161977e-182,181.17941582232945,True,194,8407,2.07
cdhit,streme,KVKLIK,KVKLIK,Cationic-rich,173,0,inf,,True,4.551497899044871e-181,180.34184565340152,True,263,5568,3.11
cdhit,streme,TCDLLS,TCDLLS,Other,165,0,inf,,True,1.0127357925083898e-172,171.99450384074223,True,166,5568,2.96
cdhit,streme,BGRKJCLD,BGRKJCLD,Other,163,0,inf,,True,1.208139922396968e-170,169.91788276438555,True,166,5568,2.93
cdhit,streme,RDADEEEG,RDADEEEG,Other,158,0,inf,,True,2.0212848437223333e-165,164.6943724804778,True,212,5568,2.84
cdhit,meme,GGGSGYGK,GGGSGYGK,Gly-rich,156,0,inf,,True,1.1479344887572024e-163,162.94008289589542,True,169,4948,3.15
cdhit,streme,VYRNGVR,VYRNGVR,Other,139,0,inf,,True,1.591707715853873e-145,144.7981366784613,True,141,5568,2.5
cdhit,streme,JGAVLK,JGAVLK,Other,137,0,inf,,True,1.9001158526253002e-143,142.7212199187198,True,142,5568,2.46
cdhit,streme,FIKHFIHR,FIKHFIHR,Other,134,0,inf,,True,2.533988102885717e-140,139.59619542846727,True,142,5568,2.41
cdhit,streme,YTSLIHGL,YTSLIHGL,Other,123,0,inf,,True,8.020522323559495e-129,128.09579734806832,True,137,5568,2.21
mmseq,streme,FLPMLAG,FLPMLAG,Hydrophobic/signal-like,122,0,inf,,True,1.188934969717737e-127,126.92484189901049,True,122,8407,1.45
cdhit,streme,GFSGGR,GFSGGR,Gly-rich,119,0,inf,,True,1.1537515607396034e-124,123.93788769847295,True,128,5568,2.14
cdhit,meme,VKKYIKBGI,VKKYIKBGI,Other,118,0,inf,,True,7.013775167340904e-124,123.15404815991847,True,118,4948,2.38
mmseq,streme,GLTGGNA,GLTGGNA,Gly-rich,108,0,inf,,True,4.6016294491049545e-113,112.33708835626456,True,116,8407,1.28
cdhit,streme,ELDQIIG,ELDQIIG,Other,103,0,inf,,True,5.962050509671149e-108,107.22460434900474,True,104,5568,1.85
cdhit,streme,QQEKNE,QQEKNE,Other,97,0,inf,,True,1.0544904201448528e-101,100.97695736139356,True,100,5568,1.74
cdhit,streme,ITAAVAL,ITAAVAL,Hydrophobic/signal-like,92,0,inf,,True,1.7303839868308637e-96,95.76185751256062,True,96,5568,1.65
cdhit,streme,HHHHHHG,HHHHHHG,Other,88,0,inf,,True,2.480454904785371e-92,91.60546866412503,True,139,5568,1.58
cdhit,streme,YKRKFL,YKRKFL,Cationic-rich,88,0,inf,,True,2.480454904785371e-92,91.60546866412503,True,94,5568,1.58
cdhit,streme,EWYNQTK,EWYNQTK,Other,85,0,inf,,True,3.2981566835569345e-89,88.48172871643321,True,86,5568,1.53
mmseq,streme,FVGEIMNS,FVGEIMNS,Other,73,0,inf,,True,1.2724165246606967e-76,75.89537069941821,True,73,8407,0.87
mmseq,streme,KKLWKK,KKLWKK,Cationic-rich,1877,54,347.5925925925925,347.59259259259255,False,0.0,300.0,False,3777,8407,22.33
mmseq,meme,CGCCCGAGECRKXCC,CGCCCGAGECRKXCC,Cys-rich,1595,623,25.60192616372392,25.601926163723917,False,0.0,300.0,False,2847,7238,22.04
mmseq,meme,WWRRWW,WWRRWW,Hydrophobic/signal-like,1454,230,63.21739130434783,63.21739130434783,False,0.0,300.0,False,3811,7238,20.09
cdhit,meme,CXTDEDCPKVC,CXTDEDCPKVC,Cys-rich,1371,6,2284.9999999999995,2284.9999999999995,False,0.0,300.0,False,1615,4948,27.71
mmseq,streme,FLGLLLKLIK,FLGLLLKLIK,Hydrophobic/signal-like,1357,7,1938.571428571429,1938.5714285714287,False,0.0,300.0,False,1621,8407,16.14
mmseq,meme,RWRWRW,RWRWRW,Cationic-rich,1322,129,102.48062015503876,102.48062015503875,False,0.0,300.0,False,2798,7238,18.26
mmseq,meme,WKKJLKKILK,WKKJLKKILK,Cationic-rich,1168,61,191.47540983606555,191.47540983606555,False,0.0,300.0,False,1626,7238,16.14
mmseq,meme,KKKKKKKKKK,KKKKKKKKKK,Cationic-rich,1122,22,510.0,509.99999999999994,False,0.0,300.0,False,2706,7238,15.5
cdhit,meme,CWKGKGKC,CWKGKGKC,Cys-rich,1090,65,167.6923076923077,167.6923076923077,False,0.0,300.0,False,1322,4948,22.03
cdhit,meme,CRRRGGYCRFXPCPFCPF,CRRRGGYCRFXPCPFCPF,Other,1033,16,645.625,645.625,False,0.0,300.0,False,1575,4948,20.88
mmseq,meme,RKRRRRRR,RKRRRRRR,Cationic-rich,1014,46,220.43478260869568,220.43478260869568,False,0.0,300.0,False,2304,7238,14.01
mmseq,streme,ALKAIAKAAKKLL,ALKAIAKAAKKLL,Hydrophobic/signal-like,951,1733,5.487593768032314,5.487593768032314,False,1.78782583e-315,300.0,False,1596,8407,11.31
mmseq,meme,FLGALLKLA,FLGALLKLA,Hydrophobic/signal-like,897,37,242.4324324324324,242.43243243243242,False,0.0,300.0,False,933,7238,12.39
mmseq,meme,KKLEKLAKKI,KKLEKLAKKI,Cationic-rich,845,62,136.29032258064515,136.29032258064515,False,0.0,300.0,False,1036,7238,11.67
mmseq,meme,KLKLLCKLKK,KLKLLCKLKK,Cationic-rich,753,14,537.8571428571429,537.8571428571429,False,0.0,300.0,False,1145,7238,10.4
cdhit,meme,FLGAJLKLAAKVLPKIICKI,FLGAJLKLAAKVLPKIICKI,Hydrophobic/signal-like,738,2,3690.0,3690.0,False,0.0,300.0,False,1048,4948,14.92
cdhit,meme,WKKWKKKW,WKKWKKKW,Cationic-rich,684,21,325.7142857142857,325.7142857142857,False,0.0,300.0,False,1265,4948,13.82
mmseq,streme,RIGQRIRD,RIGQRIRD,Cationic-rich,623,700,8.9,8.9,False,7.957575551969927e-287,286.09921922934564,False,782,8407,7.41
mmseq,streme,PRPRPPPR,PRPRPPPR,Cationic-rich,612,443,13.81489841986456,13.81489841986456,False,0.0,300.0,False,1294,8407,7.28
cdhit,meme,GJLSGJLGAGKNJVC,GJLSGJLGAGKNJVC,Other,605,18,336.1111111111111,336.1111111111111,False,0.0,300.0,False,746,4948,12.23
cdhit,meme,LLDTIKNVGKNVAGGL,LLDTIKNVGKNVAGGL,Other,597,383,15.587467362924285,15.587467362924283,False,0.0,300.0,False,838,4948,12.07
cdhit,meme,KKVGKKVAKAVAK,KKVGKKVAKAVAK,Cationic-rich,551,44,125.22727272727272,125.22727272727273,False,0.0,300.0,False,791,4948,11.14
mmseq,streme,KLKCKL,KLKCKL,Cationic-rich,515,33,156.06060606060603,156.06060606060603,False,0.0,300.0,False,696,8407,6.13
cdhit,meme,KKJKDFLKK,KKJKDFLKK,Cationic-rich,511,123,41.54471544715447,41.54471544715447,False,0.0,300.0,False,677,4948,10.33
mmseq,streme,KKKKTK,KKKKTK,Cationic-rich,495,20,247.5,247.5,False,0.0,300.0,False,573,8407,5.89
mmseq,meme,NGGKCC,NGGKCC,Cys-rich,463,66,70.15151515151516,70.15151515151516,False,0.0,300.0,False,489,7238,6.4
mmseq,streme,RIRVAVIR,RIRVAVIR,Cationic-rich,452,394,11.472081218274113,11.472081218274111,False,1.7360125738156778e-237,236.76044713358408,False,522,8407,5.38
mmseq,streme,MFTLKKSL,MFTLKKSL,Other,366,52,70.38461538461539,70.38461538461539,False,0.0,300.0,False,374,8407,4.35
mmseq,streme,FLSLFL,FLSLFL,Hydrophobic/signal-like,361,5,722.0,722.0,False,0.0,300.0,False,369,8407,4.29
mmseq,streme,QRNMRKVR,QRNMRKVR,Cationic-rich,353,126,28.015873015873016,28.015873015873016,False,3.388201835390891e-256,255.47003072662184,False,485,8407,4.2
mmseq,streme,KGAAKN,KGAAKN,Other,338,8,422.5,422.5,False,0.0,300.0,False,389,8407,4.02
mmseq,streme,GYKGGY,GYKGGY,Gly-rich,327,4,817.5,817.5,False,0.0,300.0,False,475,8407,3.89
mmseq,streme,GTCDLLS,GTCDLLS,Other,326,111,29.36936936936937,29.36936936936937,False,1.5967253855160148e-239,238.79676977002953,False,340,8407,3.88
mmseq,streme,RIRARI,RIRARI,Cationic-rich,323,578,5.588235294117647,5.588235294117647,False,6.3463947498732194e-108,107.19747291799675,False,452,8407,3.84
mmseq,streme,CPSDYP,CPSDYP,Other,316,6,526.6666666666666,526.6666666666666,False,1.160363e-318,300.0,False,331,8407,3.76
mmseq,meme,MAKILK,MAKILK,Hydrophobic/signal-like,303,32,94.6875,94.6875,False,4.199914206001003e-274,273.37675958108804,False,304,7238,4.19
cdhit,meme,VLSKLGBVIEEI,VLSKLGBVIEEI,Other,255,4,637.5,637.5,False,1.5267795330006871e-259,258.8162236705493,False,260,4948,5.15
cdhit,meme,AAAAAVAGAAAG,AAAAAVAGAAAG,Hydrophobic/signal-like,242,5,484.0,484.0,False,2.5480364915103535e-244,243.59379435657684,False,516,4948,4.89
mmseq,meme,PRPXPPPPRPPRPPP,PRPXPPPPRPPRPPP,Other,209,19,110.0,110.0,False,2.5079246103273017e-192,191.60068552278986,False,986,7238,2.89
mmseq,meme,GGYGGYGGGGGGGGGGGG,GGYGGYGGGGGGGGGGGG,Gly-rich,192,207,9.27536231884058,9.27536231884058,False,5.346596495607087e-91,90.27192259060392,False,877,7238,2.65
mmseq,meme,EEEEEEEEEEEEEEEZ,EEEEEEEEEEEEEEEZ,Other,190,22,86.36363636363636,86.36363636363636,False,2.5658844184396262e-170,169.59076291053492,False,671,7238,2.63
cdhit,meme,KEKKREKERKERKR,KEKKREKERKERKR,Cationic-rich,190,223,8.520179372197308,8.520179372197308,False,4.85167370686732e-86,85.31410841474529,False,490,4948,3.84
mmseq,meme,RVAVIRA,RVAVIRA,Hydrophobic/signal-like,186,226,8.230088495575222,8.230088495575222,False,2.5062409969694663e-82,81.60097717012492,False,186,7238,2.57
cdhit,meme,DPEEPVVR,DPEEPVVR,Other,96,211,4.549763033175355,4.549763033175355,False,6.1949026434348995e-28,27.20796551442936,False,112,4948,1.94
mmseq,meme,EEZEEE,EEZEEE,Other,53,14,37.85714285714286,37.85714285714286,False,1.546671914567447e-42,41.81060180058904,False,171,7238,0.73
